﻿[
{"name": "Argentina", "code": "AR"},
{"name": "Australia", "code": "AU"},
{"name": "Austria", "code": "AT"},
{"name": "Belgium", "code": "BE"},
{"name": "Brazil", "code": "BR"},
{"name": "Bulgaria", "code": "BG"},
{"name": "Canada", "code": "CA"},
{"name": "China", "code": "CN"},
{"name": "Colombia", "code": "CO"},
{"name": "Cuba", "code": "CU"},
{"name": "Czech Republic", "code": "CZ"},
{"name": "Egypt", "code": "EG"},
{"name": "France", "code": "FR"},
{"name": "Germany", "code": "DE"},
{"name": "Greece", "code": "GR"},
{"name": "Hong Kong", "code": "HK"},
{"name": "Hungary", "code": "HU"},
{"name": "India", "code": "IN"},
{"name": "Indonesia", "code": "ID"},
{"name": "Ireland", "code": "IE"},
{"name": "Italy", "code": "IT"},
{"name": "Japan", "code": "JP"},
{"name": "Latvia", "code": "LV"},
{"name": "Lithuania", "code": "LT"},
{"name": "Malaysia", "code": "MY"},
{"name": "Mexico", "code": "MX"},
{"name": "Morocco", "code": "MA"},
{"name": "Netherlands", "code": "NL"},
{"name": "New Zealand", "code": "NZ"},
{"name": "Nigeria", "code": "NG"},
{"name": "Norway", "code": "NO"},
{"name": "Philippines", "code": "PH"},
{"name": "Poland", "code": "PL"},
{"name": "Portugal", "code": "PT"},
{"name": "Romania", "code": "RO"},
{"name": "Russian Federation", "code": "RU"},
{"name": "Saudi Arabia", "code": "SA"},
{"name": "Serbia and Montenegro", "code": "CS"},
{"name": "Singapore", "code": "SG"},
{"name": "Slovakia", "code": "SK"},
{"name": "Slovenia", "code": "SI"},
{"name": "South Africa", "code": "ZA"},
{"name": "South Korea", "code": "kr"},
{"name": "Sweden", "code": "SE"},
{"name": "Switzerland", "code": "CH"},
{"name": "Taiwan, Province of China", "code": "TW"},
{"name": "Thailand", "code": "TH"},
{"name": "Turkey", "code": "TR"},
{"name": "UAE", "code": "ae"},
{"name": "Ukraine", "code": "UA"},
{"name": "United Kingdom", "code": "GB"},
{"name": "United States", "code": "US"},
{"name": "Venezuela", "code": "VE"}
]